grasp,7
along,5
skull,4
elder,4
patty,3
lobby,4
jerky,4
laden,4
loyal,4
lapel,6
buddy,4
whose,3
crime,3
photo,2
prick,5
bevel,5
dirty,3
fable,6
trite,3
abbot,4
weird,5
shard,5
dough,6
hitch,3
ovoid,3
totem,3
pooch,4
twice,3
voter,4
askew,6
manor,6
spore,6
madam,5
scene,4
gusty,6
comic,4
duvet,6
short,4
cliff,4
robin,7
piney,7
chalk,5
crawl,6
those,2
shock,4
flume,6
blaze,5
naive,5
floss,5
glove,5
imbue,5
honor,4
swine,4
baton,3
spawn,4
shore,4
aping,5
lasso,6
carry,4
leash,3
belch,5
thief,4
foamy,4
shook,3
bunny,5
forty,4
worth,4
denim,3
bland,6
guilt,3
sloth,5
rabid,5
sonar,5
dandy,6
sharp,3
ditto,4
heron,4
sloop,4
drawn,4
slice,4
golly,9
groom,4
crave,5
sooty,4
crazy,2
scrum,6
chasm,5
lipid,4
cheap,3
stair,3
wight,8
unfit,5
drink,3
quote,3
nurse,3
shaft,3
limit,4
guard,4
clone,5
inner,5
nurse,3
rower,5
canal,4
queer,5
raven,5
corny,5
evoke,4
nanny,4
occur,2
burnt,4
sandy,4
azure,3
amber,4
place,2
oxide,3
felon,5
spent,5
nosey,4
minim,6
going,5
skull,4
today,3
their,3
phase,3
human,5
edict,6
boule,5
camel,7
reset,3
crier,5
scrap,5
berth,3
actor,3
price,2
funky,4
poker,7
split,4
argue,4
breed,4
titan,4
ample,4
dryly,5
stead,4
steam,4
upset,4
bunny,5
login,4
cease,4
blink,5
beady,5
tryst,3
erupt,3
sword,4
gulch,5
steam,4
rebar,3
maybe,3
parka,6
spoke,4
hedge,4
jumbo,4
warty,5
swill,5
cross,5
slain,5
cause,4
given,4
shock,4
rifle,5
blast,5
randy,4
amity,4
fetid,5
rouse,3
hussy,6
comic,4
snaky,5
fruit,3
prove,3
abode,3
ruddy,4
sieve,6
rouge,5
pixel,5
paint,4
penal,4
quell,5
flair,3
jazzy,6
sever,5
paddy,5
aloud,6
humph,3
junto,5
threw,4
serve,3
guise,4
lemon,4
thong,4
rally,5
imply,5
radii,3
treat,2
pearl,5
abbey,4
serve,3
syrup,3
seven,4
aunty,3
teddy,4
mouth,4
drank,5
stuff,4
lunge,4
snort,6
lipid,4
clove,6
eerie,5
eagle,3
blend,4
blade,4
slimy,5
helix,4
truth,2
udder,6
diode,6
verve,4
ombre,3
quilt,5
theta,3
smack,5
table,3
punch,6
other,3
polka,4
horde,6
gumbo,6
stalk,4
vouch,5
maxim,6
kebab,4
deity,4
alone,3
attic,3
latch,9
panel,6
guest,5
gonad,7
spied,6
carat,3
seedy,4
clove,6
binge,6
showy,5
maple,6
laden,4
sworn,5
dryly,5
seven,4
nanny,4
enemy,3
third,3
hymen,5
shock,4
gravy,3
sheer,5
debit,6
aorta,2
mango,5
flume,6
aside,4
exile,4
kayak,4
befit,7
koala,4
stake,3
thong,4
woman,5
prowl,8
lunch,4
trait,3
aloud,6
shock,4
knock,3
angst,4
risky,3
drown,6
taboo,3
dowel,5
bribe,5
flail,5
puree,3
penny,4
rarer,2
stern,4
shall,5
milky,5
matey,6
kappa,5
setup,4
lunch,4
visit,3
canny,6
olive,2
spite,5
mogul,5
comet,4
crane,5
puppy,6
flesh,5
peril,5
right,3
cameo,3
hunky,6
squad,4
audio,4
scion,4
polar,5
pinky,5
trawl,6
scout,5
owing,3
manic,6
click,4
rower,5
loath,3
liege,4
boule,5
maker,6
upper,5
unlit,6
heist,4
kneel,5
clock,5
chest,5
plume,4
grate,3
twine,4
faith,3
lupus,5
sooth,5
nasal,5
exact,3
comfy,5
briar,4
thyme,4
truce,3
break,3
coach,2
rainy,5
fudge,7
avert,4
hydro,4
title,2
madam,5
guest,5
sheik,5
worse,3
poesy,4
hussy,6
unfit,5
count,5
alert,3
paper,4
piety,5
bison,5
funky,4
knack,5
carve,6
civic,3
blind,4
dowel,5
titan,4
trite,3
cheap,3
claim,3
pasta,2
humph,3
lunar,5
baggy,6
crock,6
forgo,4
phone,3
wench,5
odder,4
scoff,5
cedar,4
girth,4
bongo,4
otter,2
hoist,5
truth,2
scoop,4
mulch,4
focal,6
lorry,5
urban,4
rebel,3
oxide,3
mango,5
tramp,5
usurp,3
usage,4
bunch,5
brute,3
inlet,6
filth,4
rajah,3
humor,5
wacky,4
shore,4
recur,3
vigor,5
godly,5
hedge,4
guard,4
slide,3
fritz,4
ratty,5
regal,5
moose,4
their,3
valet,5
booze,3
bliss,4
brake,5
covet,4
blaze,5
jiffy,4
spade,4
thigh,3
koala,4
funny,3
speck,5
prime,3
biome,6
flout,5
whine,3
tangy,5
match,5
admin,4
unify,4
wrack,5
filet,7
vague,3
boozy,6
chick,3
bathe,3
catty,6
quill,5
glint,4
quill,5
screw,4
sleek,4
stump,6
outdo,3
anvil,4
comet,4
lanky,7
queue,5
close,3
jewel,4
masse,5
salad,3
nasty,3
dummy,5
gloom,4
haste,6
axiom,5
crept,4
adore,2
humid,4
chord,4
slung,5
wound,7
flank,6
repel,4
truss,3
phase,3
usher,6
rhino,3
favor,5
ratio,3
chide,6
weary,5
cable,5
exile,4
borne,4
quail,4
pupal,6
jazzy,6
wordy,6
small,5
swung,3
notch,3
dress,5
foyer,3
fewer,4
rebel,3
verse,3
graph,7
flair,3
vigor,5
close,3
eagle,3
rayon,4
freed,5
decor,3
savor,6
booze,3
puppy,6
havoc,3
moult,5
snout,6
worse,3
smite,6
spawn,4
index,4
mucus,4
purge,4
aside,4
cadet,4
learn,4
cyber,6
began,4
naive,5
sweet,3
first,3
beast,4
lanky,7
graze,6
bloat,5
final,4
fecal,5
hoard,4
piety,5
poise,5
parka,6
siege,5
smith,2
sonar,5
baste,7
droit,6
valor,5
awful,4
marry,6
crock,6
cheat,4
heard,3
elbow,3
wheel,4
never,4
spite,5
grime,6
dwelt,4
viola,5
flaky,5
weary,5
heady,4
black,4
pulse,3
below,4
skulk,5
grant,3
salsa,4
rebar,3
mania,5
glaze,5
shave,6
ulcer,7
swoon,4
vague,3
moldy,5
undid,5
apply,5
squib,6
ghost,4
fluid,4
towel,3
their,3
betel,4
belly,4
imply,5
drawl,6
ridge,6
drown,6
older,3
grate,3
aunty,3
aider,7
angel,4
trial,3
spilt,5
truly,4
mauve,6
their,3
alien,5
cocoa,3
junto,5
angle,3
scout,5
verse,3
peace,3
scamp,5
tough,5
dutch,4
river,3
awash,5
fudge,7
satin,5
gloat,4
quack,6
trawl,6
baker,7
pupil,4
stork,6
maybe,3
atoll,4
throw,3
enter,3
shall,5
horde,6
craft,3
ladle,4
titan,4
stump,6
abort,3
fancy,4
inter,4
butch,5
teary,3
slunk,6
enter,3
mangy,7
eking,5
moose,4
borne,4
women,5
swift,4
burst,3
score,3
anvil,4
bathe,3
brush,3
essay,5
slush,6
craze,6
paper,4
retro,2
wound,7
towel,3
slide,3
gypsy,4
spree,3
coral,4
gamut,5
peach,5
fizzy,5
squad,4
atoll,4
flume,6
quote,3
drill,3
ennui,4
squib,6
knack,5
pupal,6
maize,4
begat,4
worst,4
plush,4
tipsy,4
older,3
yeast,6
taste,3
villa,4
mimic,4
hello,5
touch,4
slump,5
vomit,6
pried,7
hound,8
midst,4
penal,4
stamp,5
heave,5
druid,3
scrum,6
syrup,3
deign,5
gusto,4
broil,6
stool,5
matey,6
leant,5
diode,6
queer,5
chaos,3
dusty,4
front,4
stamp,5
swami,4
gnash,5
speed,4
modem,6
dowel,5
debit,6
hotly,5
scree,4
juice,4
genre,3
frock,5
chime,4
flack,6
dryer,4
flyer,4
abuse,3
shrug,3
alike,4
clink,7
delay,4
pizza,4
baste,7
tribe,2
shard,5
basin,5
mouth,4
gipsy,6
value,4
facet,5
great,3
sperm,5
mound,4
gonad,7
shoal,4
harpy,6
jolly,5
argue,4
quell,5
ditty,9
tibia,4
seven,4
deign,5
extol,5
death,2
flume,6
etude,3
harsh,6
wrath,2
porch,6
swift,4
zonal,6
court,5
prong,7
lathe,4
vista,3
wordy,6
clear,4
shaky,5
villa,4
wound,7
trove,3
where,3
comet,4
maybe,3
dusky,6
handy,5
piano,3
poser,7
enemy,3
lover,6
modal,6
mafia,3
carve,6
logic,4
leach,6
shore,4
rural,3
tubal,5
abled,6
urine,4
crony,6
shade,5
penne,6
icily,5
irate,4
trout,2
wince,4
adept,5
swore,5
edict,6
dread,5
mount,6
pesto,3
prune,3
wrong,4
enter,3
bingo,5
harry,5
maker,6
enter,3
gruff,4
taboo,3
mourn,4
cause,4
dutch,4
smart,3
mason,4
women,5
tawny,5
mango,5
femur,3
locus,5
stove,6
ditty,9
freak,4
hymen,5
creme,4
angry,4
cabby,6
cough,6
kappa,5
waste,2
abled,6
soapy,4
crust,3
today,3
scout,5
penal,4
slope,3
ripen,5
tango,4
suing,4
cairn,6
flush,4
value,4
fluff,4
trace,3
trace,3
speed,4
cacao,4
teeth,2
datum,5
bylaw,4
agree,4
laugh,5
gnome,4
movie,4
trope,2
stack,3
bound,5
guilt,3
weigh,4
triad,4
press,4
soapy,4
cheer,4
tonic,6
fungi,4
ninja,3
loopy,4
vying,6
limit,4
brisk,4
floor,3
chain,3
truss,3
privy,5
rearm,3
enter,3
abate,5
chafe,4
alibi,4
gusty,6
weird,5
email,3
ridge,6
gazer,6
amber,4
slyly,5
shoal,4
axiom,5
mauve,6
spill,6
loath,3
rupee,3
waltz,4
droit,6
pulpy,7
soapy,4
slick,5
elate,4
heavy,3
foamy,4
paler,6
floss,5
funky,4
motto,3
porch,6
dimly,5
inept,4
wince,4
alter,5
slush,6
shine,3
truck,5
waver,8
model,4
fizzy,5
dying,5
lying,4
green,2
lanky,7
seven,4
shook,3
inter,4
swamp,5
again,2
minim,6
small,5
swill,5
sissy,5
chose,4
wreak,5
lunge,4
foist,7
maker,6
raven,5
idiot,4
shark,4
spent,5
basis,4
lathe,4
dimly,5
foggy,6
sissy,5
libel,4
budge,8
least,3
lemur,3
comic,4
wharf,4
plunk,5
freak,4
glean,5
crank,5
abode,3
inter,4
cower,8
quota,4
brunt,5
rowdy,6
trait,3
wrath,2
diode,6
borax,5
riser,5
towel,3
amiss,5
deter,4
enter,3
using,3
shrug,3
macro,4
slurp,4
elegy,4
chore,4
stave,5
twine,4
razor,3
ramen,6
alone,3
flack,6
tulle,3
vigil,5
easel,4
brine,5
voila,6
event,3
musky,6
unzip,5
delve,5
extra,3
thyme,4
scale,3
fever,5
erode,5
snoop,4
being,3
smoke,3
stoop,3
where,3
movie,4
prude,4
aback,3
allay,5
smoke,3
solve,3
stilt,4
snare,5
yearn,5
fatty,4
dimly,5
flaky,5
dryer,4
shyly,3
paint,4
drank,5
poppy,6
trite,3
cargo,5
shorn,6
petty,3
sloop,4
shied,5
squat,4
voice,5
might,3
handy,5
spite,5
fugue,6
cream,5
beard,4
drone,4
piney,7
axion,6
badly,5
plied,5
tough,5
psalm,5
brain,3
bushy,4
fault,4
while,2
locus,5
octal,3
shown,4
eaten,3
midge,4
scary,3
dross,6
magic,5
ultra,4
blimp,4
plaid,4
panic,5
ulcer,7
lithe,3
ninny,6
habit,4
semen,4
naval,4
avert,4
alien,5
awoke,4
wedge,3
milky,5
wield,6
cutie,3
utile,4
sheer,5
sloop,4
ether,4
rebel,3
groin,5
puffy,5
ghost,4
harry,5
screw,4
furor,4
erase,6
topaz,4
tonal,3
frown,4
refer,2
teddy,4
retro,2
opium,3
tense,4
motor,3
choir,4
sepia,5
alpha,3
whale,4
spied,6
champ,4
paste,4
chore,4
llama,4
worth,4
deuce,5
melon,5
suing,4
brawn,4
close,3
champ,4
cable,5
tulle,3
brush,3
thyme,4
audit,4
annex,4
chant,3
quail,4
layer,5
rumor,4
gully,7
vouch,5
hound,8
chain,3
study,3
bylaw,4
fluid,4
khaki,4
bilge,5
gypsy,4
piper,5
exist,5
ivory,6
queer,5
trace,3
ample,4
paddy,5
cloud,4
beady,5
fudge,7
denim,3
magic,5
tasty,4
humor,5
scoff,5
apnea,3
gamut,5
scout,5
flout,5
death,2
faith,3
bread,4
stood,4
mogul,5
retry,3
vocal,5
spite,5
sumac,5
growl,6
witty,5
swash,5
halve,5
noose,5
pecan,5
kebab,4
refit,6
blond,4
afire,4
untie,4
sissy,5
sweat,3
guile,5
drier,5
natal,4
flute,3
match,5
seedy,4
table,3
taste,3
state,2
stood,4
flaky,5
koala,4
acrid,4
canon,4
blind,4
risky,3
match,5
siege,5
lynch,4
bloat,5
udder,6
dream,4
fruit,3
juicy,4
swath,4
briny,4
month,4
pluck,4
tardy,4
house,3
mower,7
friar,3
cider,7
mourn,4
shame,4
circa,4
lipid,4
slide,3
allay,5
quasi,5
privy,5
weedy,4
doubt,4
reign,5
align,4
quite,3
facet,5
axial,4
hyena,4
ferry,3
write,2
knife,4
index,4
axial,4
stead,4
deity,4
frail,5
spite,5
erode,5
alpha,3
unfed,6
guide,3
renal,4
gourd,4
junto,5
wacky,4
ditto,4
agent,4
sheik,5
cabby,6
hurry,2
revel,5
rural,3
water,5
ocean,2
inlet,6
smear,7
forum,5
droop,3
wreak,5
taint,3
mourn,4
bicep,6
scree,4
harry,5
fifty,3
cheat,4
slave,4
swarm,4
swirl,4
await,5
ether,4
state,2
agape,4
steed,5
lumen,5
owing,3
bawdy,5
apron,4
crude,3
cheer,4
hatch,8
candy,5
tacit,4
brace,6
harpy,6
wryly,4
patch,4
mangy,7
polar,5
annex,4
plied,5
gumbo,6
snuff,4
stool,5
dwell,5
brace,6
river,3
frame,3
abbot,4
drawn,4
tardy,4
suing,4
elite,4
excel,3
bound,5
skate,4
mince,6
fault,4
shady,6
meaty,4
forge,4
fizzy,5
scrap,5
smell,4
quark,5
manor,6
teeth,2
stale,4
furor,4
prior,3
shoal,4
dilly,5
story,4
grope,4
admit,4
drawn,4
scaly,6
vivid,4
teary,3
shied,5
stink,4
parse,7
bleed,4
creak,6
eight,4
imply,5
spike,5
lefty,5
basic,5
timer,6
party,4
pixie,4
mulch,4
giddy,5
stoop,3
blurb,5
hippy,5
loopy,4
agent,4
seize,6
brain,3
patch,4
white,2
world,5
actor,3
gypsy,4
swept,4
enter,3
spawn,4
disco,4
spiny,5
aping,5
worse,3
koala,4
prove,3
sting,3
sinew,7
unset,5
gorge,5
taste,3
shied,5
meant,4
comma,7
elegy,4
fling,5
ladle,4
elide,5
hunch,3
aphid,5
stout,3
safer,7
giver,8
truly,4
hydro,4
craze,6
basal,4
sewer,4
glove,5
power,5
flyer,4
vying,6
crown,5
smack,5
alert,3
route,2
frank,5
leaky,5
forum,5
hippy,5
flunk,5
awoke,4
giddy,5
glean,5
rotor,2
elide,5
muddy,5
fjord,5
spent,5
waxen,7
trail,4
aloft,4
vivid,4
slant,4
world,5
onion,2
dryer,4
cabal,6
media,4
avert,4
endow,4
enema,3
grape,5
chest,5
minty,4
gland,6
rearm,3
reuse,4
abuse,3
verge,4
mount,6
evict,7
tiger,5
metal,4
flier,5
manly,6
erupt,3
dream,4
skate,4
input,5
pleat,5
bribe,5
skimp,6
trace,3
filet,7
whirl,4
paint,4
vowel,5
gummy,8
voter,4
smart,3
flier,5
scion,4
cycle,3
weary,5
renal,4
icily,5
shine,3
embed,4
quick,3
dozen,5
crave,5
enemy,3
glint,4
axial,4
weigh,4
waist,4
patio,4
prone,4
forty,4
third,3
glyph,4
obese,4
cross,5
brain,3
blare,7
swing,3
cough,6
about,4
fizzy,5
bilge,5
broil,6
glory,5
frost,5
unzip,5
stick,4
abyss,4
artsy,3
taint,3
woozy,4
savor,6
lithe,3
droll,7
scoop,4
claim,3
curse,4
champ,4
ditch,8
nobly,5
elect,4
oxide,3
burly,5
quick,3
prowl,8
gloom,4
touch,4
cabal,6
cobra,4
tonic,6
alive,3
metro,3
shalt,4
plait,5
lapse,4
cacti,4
flame,4
cliff,4
stead,4
assay,5
agile,3
music,5
exalt,4
