shave,7
rural,3
artsy,4
rower,5
judge,3
adult,4
aorta,3
refit,4
untie,4
rival,5
roger,4
eject,3
login,4
catty,6
flush,3
peace,3
twixt,4
riser,5
sleek,4
tepid,5
mercy,3
match,4
torso,7
faith,4
skirt,5
rayon,4
polka,4
willy,5
adapt,5
condo,6
extra,3
knock,4
feral,4
organ,3
vaunt,7
hello,5
manly,6
scram,5
scamp,3
loamy,4
steer,5
guard,4
rodeo,5
gecko,5
shine,3
basal,5
intro,3
undid,8
spied,5
haute,5
blame,3
piece,4
peril,5
bigot,5
tonal,5
clump,4
hound,4
mouth,4
leach,5
going,5
attic,7
snowy,5
ripen,4
snore,3
sully,6
teddy,5
pinch,3
hence,5
staid,4
mossy,5
pulse,3
crone,2
inlet,7
eying,4
mangy,7
speak,4
stoop,4
turbo,4
whose,3
press,7
await,4
impel,4
scree,3
daunt,6
visor,4
junta,4
wiser,6
decry,3
stash,4
ficus,5
thrum,4
brown,2
gourd,3
felon,5
fleck,3
plait,5
golly,9
petty,6
whine,5
alibi,4
forte,5
chirp,4
femur,3
fudge,4
ratty,4
guava,4
relic,4
fussy,6
newly,4
happy,5
gummy,6
fauna,2
quash,4
verso,6
setup,6
folio,6
mecca,2
rider,4
bleep,4
stuff,5
music,5
email,3
goofy,5
drive,2
anger,3
clang,3
rapid,4
whirl,4
knead,4
downy,5
pasty,4
punch,5
thong,3
woman,4
roost,6
magma,5
known,3
scene,3
dried,7
madly,7
broth,5
meter,5
soapy,4
anvil,4
repel,4
bunch,4
witch,4
latte,6
curve,2
crack,8
rotor,3
gauge,3
batch,3
timid,4
stunk,3
crony,2
chime,4
cried,3
spear,6
dopey,6
truth,6
exact,3
druid,6
cabby,3
image,3
lorry,4
lever,5
union,4
guppy,5
chess,4
vegan,4
drown,4
antic,4
moose,5
style,4
newer,3
froze,6
mamma,6
shore,4
lemon,4
wring,3
ranch,2
pygmy,4
shorn,4
theft,6
hurry,3
slink,4
thing,3
eking,4
dully,4
munch,6
flaky,4
gnash,4
plead,3
raven,3
pubic,4
allay,5
brace,4
filer,4
gooey,5
nasal,3
chain,2
occur,2
bezel,4
axion,6
banjo,6
grand,2
curry,2
metro,6
zonal,6
fully,5
tepee,4
testy,7
virus,4
kayak,4
truck,2
allot,6
glaze,3
spank,4
fifth,6
drape,4
serif,4
payee,4
mower,6
smith,4
biddy,6
tango,5
ralph,4
guise,4
clone,2
grail,6
droit,4
pecan,3
tenth,6
close,2
leech,3
cabal,2
cloud,3
mirth,6
miser,6
geese,6
tight,9
blade,4
welch,4
abhor,4
endow,4
coupe,4
boney,7
swash,5
girly,5
hedge,3
flask,5
baste,5
sandy,4
graft,3
bison,3
milky,4
grasp,4
state,7
deuce,5
rinse,3
cagey,7
curvy,4
grimy,4
brunt,4
quail,4
fried,4
yacht,6
flung,4
mauve,5
wooly,3
kinky,8
sheep,4
taint,7
alloy,7
affix,6
slyly,5
dirty,3
corer,3
carat,3
lathe,4
amber,4
sauce,2
spook,5
borne,2
lumen,4
trust,5
clank,4
right,3
mambo,8
heave,6
spasm,4
filth,4
reedy,5
frank,3
spiky,4
ovine,4
tract,3
taker,6
sappy,5
fruit,5
crush,3
salvo,5
belle,5
gleam,5
surge,5
exert,4
grain,4
fizzy,5
inbox,3
paddy,5
circa,5
horse,4
etude,5
bulky,4
white,3
wound,7
flare,3
tonga,5
thigh,4
opera,4
rumor,4
sling,6
dealt,4
gland,5
noise,2
beret,4
gayer,5
gloss,6
liken,5
devil,4
quote,3
avoid,4
taboo,6
reuse,5
giddy,4
trump,3
stark,3
livid,4
sniff,4
parka,6
tonic,5
satin,5
greed,4
avian,3
gross,6
modem,4
scary,2
umbra,5
rally,5
jumpy,5
penny,5
skier,6
sinew,3
snipe,3
leggy,6
brute,4
erect,2
cower,7
berry,6
wheat,3
papal,3
flail,3
merry,8
plump,6
nylon,3
juice,4
mealy,5
niche,3
trail,4
daily,5
purer,5
axial,4
steam,4
stall,5
wrath,4
truer,4
tumor,6
coven,4
toddy,4
boast,3
mucus,5
women,5
drone,2
forum,5
raspy,4
slunk,4
brawl,5
cable,3
bacon,4
medic,4
grant,3
board,4
tweak,5
ledge,6
plaza,5
stiff,6
apnea,4
twist,4
booty,6
prawn,4
frost,3
cleft,3
teach,3
stone,3
video,4
fight,4
chock,5
vague,3
stave,5
pinky,4
imbue,5
scout,4
salve,4
crime,2
anode,5
debug,6
flake,4
cello,5
knelt,5
prior,4
talon,4
revel,5
wreak,6
ounce,3
motel,5
fence,6
limbo,4
drift,4
frail,3
scowl,6
snack,2
awash,5
frill,7
scant,2
wafer,5
north,3
above,3
baler,7
smote,4
expel,3
sloop,4
belie,5
spark,4
waver,6
fever,5
baron,4
tower,7
sonar,5
width,4
myrrh,3
split,4
amiss,6
leapt,4
nutty,5
trend,2
binge,4
rarer,2
satyr,4
dodgy,4
macro,4
cadet,6
shout,5
spine,3
sprig,4
fetal,5
maybe,3
throb,5
pouty,4
petal,6
angel,4
heard,4
proof,6
camel,5
court,4
phone,2
bused,7
scrum,4
basil,5
cobra,3
ratio,4
think,2
hyena,4
drama,5
worse,3
krill,6
tenor,3
bicep,4
tripe,5
drill,5
butte,3
dingy,5
plumb,4
brand,3
toxic,5
foamy,3
funky,4
clamp,3
savor,6
bulge,4
nosey,4
leper,5
sheer,4
wordy,5
sixty,5
chart,3
teary,4
broke,4
sight,5
aloof,6
swoop,3
flame,4
taffy,6
pasta,4
gypsy,4
ditch,7
dress,8
vicar,5
lucid,4
titan,7
dicey,5
minus,6
craft,4
strip,3
ladle,4
uncut,4
weigh,4
rough,4
color,4
clack,5
tried,3
weird,5
terra,3
odder,7
graph,3
birth,3
eager,3
cease,3
tribe,4
mushy,4
arrow,5
ankle,3
voila,5
decoy,4
kneed,5
melon,5
minim,7
neigh,4
ebony,3
elfin,4
chide,6
voter,7
booth,5
entry,4
token,7
owing,4
vogue,5
moral,4
taken,3
viper,7
covey,7
ninny,9
torus,4
scoff,6
slant,4
small,5
prune,4
began,3
flunk,4
fatal,5
legal,5
surly,3
giant,5
sense,7
fifty,6
jazzy,6
brook,5
lithe,4
dizzy,5
dusky,5
maker,6
bossy,4
habit,5
abled,5
mural,5
crane,1
brush,4
armor,3
topic,4
lipid,3
chasm,3
green,2
miner,6
gumbo,4
lupus,4
taste,7
opine,3
swing,5
proud,3
curse,3
harsh,7
leant,3
caput,4
chard,5
axiom,5
broad,3
guess,7
bagel,5
cheer,2
itchy,4
suite,4
drawn,3
befit,4
bound,5
crisp,4
quest,5
rerun,3
abbot,5
briny,5
sperm,4
plain,4
older,6
scale,3
apart,5
crude,3
hilly,7
ghoul,4
tulle,5
cairn,2
ethic,3
tally,5
debar,5
clerk,3
olden,5
refer,2
climb,3
scoop,3
harpy,7
fraud,3
revue,6
actor,4
under,6
cameo,4
foist,6
guide,4
wrack,5
raise,3
cubic,5
slain,5
lousy,4
crawl,6
botch,3
verge,6
plank,5
basis,4
skiff,5
aisle,3
macho,4
tabby,7
limit,5
omega,4
admin,3
lumpy,4
water,4
patch,5
fuzzy,6
begin,3
annex,3
moody,4
demon,5
spool,5
tacky,6
cacti,7
morph,5
parse,6
sewer,4
spare,3
troop,4
slept,5
pivot,5
unity,5
throw,4
abode,4
blood,3
juror,3
clash,3
ingot,5
slice,5
icily,4
widen,6
agent,3
teeth,5
haste,6
order,4
debut,5
force,3
knack,3
crepe,6
probe,5
spoon,5
squib,4
blare,5
manic,4
warty,6
thick,4
salsa,5
blend,5
saner,4
spoof,4
wimpy,4
witty,4
lease,6
stump,4
weedy,4
churn,2
early,4
unwed,5
flash,4
balmy,6
pesto,4
spurt,4
navel,4
cloak,3
fable,6
snake,2
audio,5
salty,5
curio,4
liner,5
paint,3
chili,4
facet,5
ovate,4
dance,3
clout,3
leash,4
billy,5
filly,6
puffy,5
rumba,3
mango,6
cleat,4
sword,4
hotel,4
polar,5
pixel,5
hunch,8
whole,3
resin,5
elate,5
shiny,3
alert,4
noisy,4
wrong,2
smirk,4
table,5
shush,4
humus,3
guilt,4
cocoa,5
orbit,4
riper,6
stoke,4
prism,4
spent,3
glade,4
scent,2
whiff,5
smoky,5
spree,5
screw,3
shale,8
maize,4
lasso,5
femme,5
wield,4
heavy,3
prude,3
swept,4
joint,5
quake,4
slash,3
whiny,4
canal,2
sooty,7
chick,6
hefty,5
scold,5
scaly,5
piper,9
spunk,3
elegy,3
erase,7
alarm,6
sixth,5
these,3
utter,7
idiom,5
beast,4
hobby,4
decor,3
extol,4
bride,4
ethos,4
noble,3
gazer,6
alter,5
pesky,5
tying,4
again,3
enemy,3
torch,6
blind,4
broom,6
dummy,7
plaid,4
tithe,3
oddly,3
grout,3
shirt,4
afire,5
freed,5
drake,3
swung,4
gamut,5
suave,5
terse,5
syrup,3
welsh,4
pansy,4
crumb,4
elbow,4
fugue,6
abuse,4
hymen,6
whale,4
shone,3
jewel,3
nerdy,5
igloo,4
sally,5
dusty,4
windy,4
semen,4
slush,6
tidal,5
bleat,6
cruel,4
scarf,3
pedal,5
ruddy,5
feast,5
chalk,3
tawny,4
bugle,4
obese,4
drier,6
shark,4
hippo,4
flute,4
nomad,4
vying,6
crier,5
optic,4
sober,5
defer,3
mover,5
dogma,5
shack,5
grass,8
decal,4
holly,5
retry,4
brick,3
wight,3
latch,6
upper,6
flora,4
trial,3
gassy,6
urine,3
swell,5
lager,5
issue,3
phony,3
skull,4
radii,5
bawdy,5
sharp,3
route,3
honor,3
spice,6
value,4
saucy,4
easel,4
toast,5
scone,2
brash,4
wispy,5
bingo,3
below,3
quilt,5
towel,4
hussy,4
lyric,3
beefy,4
blitz,4
jerky,4
stoic,4
waxen,6
novel,5
burly,5
quark,5
plied,5
tense,4
shrew,5
detox,3
chair,3
flour,4
haunt,3
faint,3
synod,3
snort,3
carol,6
hover,8
shaky,6
amity,5
kappa,3
burst,4
merge,4
dread,6
smock,5
recur,2
gipsy,4
speed,4
empty,4
nobly,4
reach,2
ember,4
owner,4
after,4
grill,6
super,5
creme,4
segue,4
duvet,5
koala,4
cider,5
bitty,6
scalp,4
skunk,5
clear,3
yeast,6
trunk,4
media,4
fiery,3
sulky,5
mucky,6
mouse,3
abort,4
never,2
brief,5
posse,6
envoy,5
blaze,5
shoot,4
rowdy,3
pence,7
renal,3
false,4
rigid,4
elide,5
cheap,3
logic,5
fiend,6
deign,5
blimp,4
cache,6
chafe,3
quite,4
breed,4
wider,7
locus,4
gravy,5
stock,3
cumin,3
crypt,4
shuck,4
drool,5
horde,5
grown,3
dirge,4
cedar,4
curly,3
ditty,6
bleak,5
lingo,4
annoy,3
slope,4
draft,2
lemur,3
bevel,5
preen,3
giver,7
swish,5
uncle,3
deity,5
forty,4
truly,4
patsy,5
havoc,4
grope,6
spire,5
waist,5
tweet,5
rocky,5
poesy,6
stern,4
thief,7
prowl,5
racer,2
shyly,4
gaffe,6
meaty,4
aglow,5
oaken,6
cause,2
fetch,3
mogul,4
least,3
ester,6
gruff,4
remit,5
comfy,3
maple,6
nadir,3
learn,2
flank,4
rebel,3
micro,4
medal,4
spurn,3
tramp,5
joust,4
ninth,3
skate,4
mange,3
debit,6
snaky,5
squat,5
quack,5
wager,4
rugby,3
along,3
swamp,5
mammy,8
baggy,6
shove,3
glare,4
broil,4
smash,3
motif,4
arose,6
beard,5
knave,3
dwell,5
stake,3
agile,3
steep,5
savoy,4
afoul,5
plunk,4
bible,6
plate,3
droop,4
tempo,4
conch,6
pizza,5
flirt,4
loyal,4
slurp,5
short,3
avail,5
space,3
lunge,3
jumbo,4
boxer,5
sneer,5
caper,4
dense,3
bully,5
bloat,5
afoot,6
fluke,5
chore,3
topaz,4
stole,3
stunt,3
adept,4
wheel,4
beget,5
shape,3
bunny,5
joist,5
penal,4
puppy,7
blunt,5
shirk,5
iliac,4
steak,6
three,4
serum,5
bylaw,4
timer,5
shift,4
canon,3
aware,5
credo,5
radar,2
tarot,5
slang,4
apply,4
begat,5
while,3
stint,3
swath,4
idler,7
drove,3
ether,5
tooth,5
fishy,4
prank,4
chuck,5
randy,4
poise,4
usage,3
glide,4
ovoid,4
mayor,5
overt,5
infer,5
psalm,3
worth,4
ramen,4
coral,3
rearm,3
suing,5
lodge,4
shelf,5
piano,4
build,3
datum,6
amend,4
penne,3
shalt,5
bonus,4
quoth,5
pixie,5
junto,5
theta,5
heady,4
acrid,4
drank,3
dryly,4
diary,4
dryer,5
seven,3
offer,5
swarm,4
venue,4
realm,4
puree,6
strap,5
frond,4
ready,3
align,4
young,4
hitch,4
roach,3
groom,5
notch,3
swami,5
tardy,7
adore,3
cyber,5
sweat,4
crest,4
lower,6
tubal,6
angst,3
skulk,5
jelly,7
vapid,4
south,3
array,6
emcee,4
mafia,3
touch,3
party,5
snoop,4
grunt,4
missy,4
sheik,4
speck,4
roast,3
adorn,4
enact,2
clove,3
gaunt,4
modal,5
ashen,5
finch,4
trade,2
local,6
tasty,7
worry,3
adage,5
smell,5
utile,4
vinyl,4
buyer,5
halve,5
steel,4
lurid,4
prong,3
drunk,4
gonad,6
frock,4
snuff,5
graze,6
caste,3
creep,3
clued,5
comic,6
sauna,3
beach,2
sassy,7
where,4
disco,3
grief,6
blurb,5
woody,4
tutor,6
trick,3
third,4
amass,6
crash,3
dilly,4
straw,5
rajah,3
viola,4
abide,5
relay,4
snide,4
urban,3
crown,2
plane,2
ascot,4
pouch,4
knife,3
swoon,4
copse,3
bushy,6
amuse,5
agony,4
rabbi,5
large,5
algae,2
would,2
shell,6
fecal,4
among,4
which,3
freak,5
piggy,4
shank,3
villa,4
blank,3
posit,4
shear,8
tuber,6
brood,7
cross,5
quill,5
dairy,4
reign,5
friar,4
bread,5
shady,5
amble,5
sepia,5
dingo,5
porch,5
silly,6
pearl,4
slimy,5
fancy,3
scrub,3
sheet,5
arena,2
stilt,6
donut,5
sumac,4
level,7
dimly,3
otter,6
inner,4
buxom,5
hoist,4
spore,6
share,2
murky,4
every,3
guest,4
regal,4
steal,5
tread,4
glint,6
slime,5
filet,6
brave,4
husky,5
fatty,5
minor,3
adopt,4
child,3
enter,3
taper,5
until,4
storm,4
earth,5
polyp,5
trout,5
queen,3
unzip,5
cabin,3
stony,4
excel,3
pupil,6
sworn,3
pitch,5
harem,5
nudge,3
salon,4
wagon,4
gavel,4
dough,4
crump,5
swear,5
cavil,3
haven,3
quota,5
demur,4
imply,3
evict,4
elect,2
razor,3
furry,4
outer,6
brass,8
prime,4
check,3
aunty,4
bathe,4
stork,5
shoal,4
naive,3
cough,3
geeky,4
furor,4
vixen,5
idyll,5
crick,5
tulip,5
burnt,4
strut,5
putty,6
daisy,6
drawl,4
shied,6
hardy,5
noose,3
grape,5
meant,3
block,3
sieve,6
laugh,4
hotly,4
seize,7
clasp,4
ideal,4
bilge,4
delay,4
outgo,3
spoke,4
stood,3
choir,3
waive,5
pudgy,4
stare,4
dunce,4
bosom,5
leafy,4
anime,4
creed,4
alley,5
sweep,6
worst,4
poser,7
diver,8
shunt,3
ensue,3
event,2
since,3
joker,7
eight,4
dolly,5
often,6
vocal,4
bliss,6
jetty,6
beech,3
alive,3
cover,4
relax,3
vista,4
civil,4
rouse,5
flint,5
globe,3
jolly,6
wrist,3
hazel,5
amaze,4
solid,3
smack,4
slate,3
dwelt,4
wreck,3
silky,4
woken,6
later,5
irate,4
bloom,3
ocean,2
assay,5
rover,4
wryly,4
scope,3
braid,3
glove,4
sound,4
genie,5
weave,5
azure,4
begun,4
bongo,3
frisk,5
betel,6
privy,4
river,3
shook,4
aider,6
bluer,6
matey,5
barge,3
zebra,5
cutie,3
score,4
tatty,6
fluid,3
layer,5
ennui,3
blond,4
kiosk,5
ruler,5
title,4
stung,4
bravo,4
bless,8
dally,7
stain,4
musky,6
gayly,6
arbor,6
crowd,2
march,3
basin,5
chord,4
candy,4
scion,4
thump,4
buddy,4
brain,3
fetid,6
dying,4
sushi,4
verve,8
spout,6
sigma,4
macaw,3
rehab,4
hovel,5
whisk,5
range,3
eaten,2
llama,4
verse,6
twirl,4
edict,3
fritz,4
sport,4
truce,3
magic,3
cliff,6
queue,7
beset,4
ovary,4
molar,6
amply,4
ozone,5
doing,3
mason,5
horny,4
flyer,4
splat,4
scuba,3
rebar,3
swore,5
paler,6
dumpy,5
quell,5
caddy,6
track,2
kneel,4
dowdy,3
moldy,4
fiber,5
budge,5
poppy,7
thank,2
prose,5
rabid,5
flown,6
snail,3
rigor,5
spiny,4
icing,3
snuck,3
gnome,3
vowel,6
ridge,4
china,3
clean,2
crook,6
shaft,4
flier,5
nerve,3
decay,3
stage,2
juicy,5
clink,4
croup,4
qualm,4
clung,4
blink,3
index,5
vigil,4
plush,5
lobby,4
place,2
tenet,6
moron,4
boule,7
kitty,5
cycle,4
elude,5
eater,4
cress,7
lanky,7
chump,3
inlay,4
pried,5
tunic,4
toxin,5
savvy,5
about,4
exalt,4
lurch,4
nicer,2
borax,4
house,3
nurse,2
snare,2
winch,5
lunar,4
plier,7
ghost,5
risky,3
freer,5
lucky,3
birch,5
exile,6
swift,3
brawn,5
awoke,4
mania,5
hater,7
tamer,8
pushy,5
aping,5
acorn,3
still,7
sorry,2
stamp,4
venom,4
queer,5
slide,5
chaff,5
loath,3
sunny,5
write,3
crock,7
vapor,6
purse,4
gusto,4
visit,4
reset,4
might,3
edify,5
lymph,4
elite,5
humid,4
laden,4
patio,4
frown,5
goody,5
annul,4
dross,5
award,6
embed,4
built,3
siren,4
idiot,4
eagle,4
lance,4
creek,2
evoke,5
smile,4
bowel,5
palsy,5
couch,5
dowel,7
sleet,5
onion,5
arson,3
diner,7
shade,6
heart,3
spoil,4
prone,3
reply,5
chase,2
muddy,5
ninja,4
angle,3
valor,5
diode,5
usual,7
cream,2
stank,3
ditto,6
grace,2
handy,5
woozy,4
niece,3
nanny,7
ardor,7
sleep,3
chose,3
stack,3
filmy,5
jiffy,6
fairy,5
spawn,4
price,2
singe,3
erupt,3
coach,5
spelt,6
wharf,5
derby,4
slick,6
minty,5
eerie,5
sheen,3
final,4
honey,6
slack,3
apple,5
spilt,4
sadly,5
loose,3
carve,2
grind,3
leaky,5
groan,3
risen,3
octet,4
given,5
paste,5
quick,4
lefty,5
melee,6
manga,4
stray,5
blast,4
lunch,3
udder,8
human,5
covet,6
chaos,4
canoe,2
tough,4
equip,4
gusty,5
guile,5
swine,3
pagan,4
sedan,4
undue,4
mound,8
smoke,3
funny,4
rivet,5
safer,7
lover,6
study,3
deter,6
mocha,3
wrest,3
total,8
incur,2
count,2
rifle,3
plume,4
genre,4
mulch,4
recut,3
stuck,3
avert,5
opium,4
valet,4
aging,9
arise,5
quasi,4
daddy,9
pique,5
musty,5
rainy,4
claim,2
skimp,5
valve,5
spite,5
crave,2
shock,4
inane,4
grave,5
fleet,4
threw,5
godly,3
vault,5
gulch,5
louse,4
folly,8
spell,7
hippy,4
pooch,4
glyph,4
there,3
baker,7
snarl,4
unite,4
fanny,5
ombre,4
vomit,4
stale,4
dream,5
photo,3
aloud,5
inept,4
piney,5
aptly,3
waltz,6
libel,8
sneak,4
carry,2
flout,5
foggy,6
fault,5
mummy,7
spiel,5
grove,4
denim,4
quirk,5
exist,3
stein,3
spade,4
catch,6
floor,3
unset,7
equal,4
ionic,3
valid,4
enjoy,4
howdy,4
vigor,5
dandy,10
sloth,6
marsh,6
bough,4
sting,4
twine,4
leave,6
scorn,3
scald,6
usurp,4
soggy,5
brisk,4
admit,5
grate,3
glory,3
liege,5
saint,4
recap,3
sooth,6
alike,4
trice,3
stick,5
chute,4
parer,4
doubt,3
eclat,4
thyme,3
alpha,2
booze,5
tibia,5
lofty,4
theme,4
class,6
leery,4
taunt,9
whoop,3
inter,4
gully,5
charm,4
fungi,4
prize,5
onset,5
chief,3
gauze,4
ruder,6
irony,4
widow,3
clown,4
needy,3
octal,4
woven,6
merit,5
waste,4
unlit,5
treat,4
shrug,4
twang,3
twice,3
gruel,6
poker,6
khaki,5
hunky,4
label,5
glean,4
cling,3
patty,6
unfit,4
smear,7
alien,3
buggy,6
rhyme,3
youth,5
coyly,4
quart,4
cramp,7
bluff,4
upset,6
stomp,5
motto,5
cinch,4
elope,5
power,5
midge,4
tryst,4
aphid,3
trite,5
bobby,6
angry,3
flock,4
wacky,4
roomy,6
augur,4
wedge,5
liver,8
bland,4
night,3
madam,5
berth,5
stalk,4
stead,4
voice,3
wench,4
agape,5
flack,4
hydro,3
fluff,6
field,4
sever,5
lilac,5
egret,3
gaily,6
pinto,4
hutch,6
gawky,4
droll,6
retro,3
rusty,4
beady,5
smite,6
brink,4
awful,4
gloat,4
input,4
loser,7
cacao,4
blown,5
apron,4
primo,3
atone,3
donor,4
float,3
goose,4
payer,7
piety,5
girth,5
trait,6
flood,4
gloom,4
depth,4
froth,4
phase,3
showy,4
creak,3
manor,5
atoll,4
bayou,4
crept,4
tiara,5
asset,4
vouch,5
album,4
hinge,5
money,5
scrap,4
gamer,4
glass,5
scour,3
being,3
delve,5
yield,5
metal,4
tipsy,5
slung,5
farce,2
butch,3
fetus,5
canny,3
midst,4
badge,4
homer,5
train,2
hairy,6
story,3
forgo,6
larva,5
fella,6
trash,4
hasty,4
zesty,5
shown,4
heist,6
askew,5
inert,4
olive,4
plant,4
oxide,4
cargo,5
foyer,5
flair,3
ample,4
cheek,2
shame,4
slave,4
mince,4
chunk,3
royal,4
squad,4
black,2
stair,3
scare,2
foray,5
comma,4
fibre,3
natal,5
shawl,4
fewer,4
trope,4
snout,5
lowly,5
stove,5
harry,4
shall,6
found,3
nymph,3
epoxy,3
depot,4
chest,3
purge,5
slosh,6
their,4
renew,3
allow,6
saute,5
lynch,4
movie,3
cater,3
tease,4
smelt,4
focus,3
today,4
watch,3
lapse,4
month,5
sweet,4
hoard,5
cloth,4
brine,4
ahead,2
mourn,3
nasty,4
rupee,5
choke,3
chant,3
spill,5
vivid,5
bloke,4
trove,5
thorn,4
other,5
tacit,5
swill,4
dodge,8
pupal,4
shake,5
caulk,4
aroma,2
agora,4
cynic,4
robin,3
ultra,4
ulcer,3
pause,5
humor,5
frame,3
elder,4
skill,6
aloft,5
pleat,5
shard,5
moist,3
those,2
light,4
wrung,4
could,2
perky,5
mount,4
whack,4
sugar,4
knoll,5
crimp,5
wince,5
prick,4
robot,4
point,4
proxy,4
shire,4
solar,4
panic,3
tangy,8
abbey,5
favor,5
drink,3
query,4
gorge,6
crank,2
slump,5
banal,3
tiger,6
siege,5
truss,6
boost,4
rebus,5
unify,5
troll,5
tapir,5
aside,4
ferry,3
acute,3
picky,5
weary,6
gripe,5
craze,4
pluck,4
brake,5
baton,4
champ,3
peach,4
using,4
trace,3
vital,4
sonic,4
masse,8
conic,3
viral,5
rhino,3
break,4
triad,4
epoch,3
usher,6
exult,4
grime,5
cheat,4
solve,3
bring,3
prove,3
store,3
tilde,4
clock,6
wrote,3
retch,5
perch,4
rouge,4
radio,3
surer,6
finer,8
vodka,4
heron,4
chill,3
gaudy,5
pithy,4
smart,3
badly,6
rogue,4
group,2
fixer,6
groin,3
duchy,4
coast,3
blurt,4
pulpy,6
altar,4
great,3
briar,5
click,6
gouge,6
world,4
erode,5
boozy,5
dozen,6
fling,6
growl,4
abyss,5
steed,5
enema,3
jaunt,5
comet,5
tweed,4
pilot,6
dutch,4
belch,5
ought,4
dowry,4
thumb,3
hyper,6
hatch,8
alone,2
motor,4
aback,3
guild,4
kebab,5
spend,4
fjord,5
essay,4
spray,4
spicy,5
agate,3
salad,4
basic,3
moult,5
corny,2
forge,4
civic,4
islet,6
labor,4
gamma,4
lying,5
audit,5
round,2
loopy,5
lusty,4
golem,4
goner,7
greet,3
start,4
lapel,6
biome,4
parry,6
shrub,5
front,3
wooer,7
totem,5
flick,6
delta,4
bleed,5
argue,4
swirl,5
error,5
agree,5
offal,6
flume,5
crass,4
panel,4
stout,4
bribe,7
drain,5
yearn,3
print,4
seedy,4
ivory,4
belly,5
stand,3
first,4
forth,5
booby,5
flesh,5
unmet,4
linen,3
maxim,5
pound,6
mimic,4
spike,5
cluck,5
crate,3
digit,5
repay,5
sower,9
crazy,2
adobe,4
outdo,3
trawl,5
whelp,5
unfed,6
paper,10
staff,5
croak,2
helix,4
floss,6
pride,3
batty,7
react,3
marry,5
abase,5
colon,3
stool,4
crust,4
fresh,3
death,3
major,4
feign,4
abate,6
bench,3
quiet,6
grade,3
stink,3
karma,5
model,4
dwarf,5
heath,6
serve,5
naval,4
evade,6
focal,5
blush,4
awake,6
humph,5
sissy,5
rebut,6
shave,8
rural,8
artsy,3
rower,4
judge,5
adult,5
aorta,6
refit,6
untie,6
rival,3
roger,2
eject,5
login,6
catty,6
flush,3
peace,3
twixt,4
riser,2
sleek,5
tepid,4
mercy,3
match,5
torso,5
faith,4
skirt,4
rayon,4
polka,4
willy,6
adapt,4
condo,6
extra,3
knock,6
feral,5
organ,4
vaunt,7
hello,6
manly,4
scram,4
scamp,5
loamy,5
steer,6
guard,4
rodeo,4
gecko,4
shine,4
basal,5
intro,5
undid,5
spied,5
haute,5
blame,4
piece,3
peril,4
bigot,4
tonal,5
clump,4
hound,7
mouth,5
leach,6
going,6
attic,4
snowy,4
ripen,4
snore,7
sully,6
teddy,6
pinch,4
hence,3
staid,6
mossy,3
pulse,5
crone,7
inlet,5
eying,4
mangy,5
speak,3
stoop,5
turbo,3
whose,5
press,2
await,5
impel,4
scree,3
daunt,6
visor,4
junta,4
wiser,3
decry,5
stash,5
ficus,5
thrum,4
brown,5
gourd,5
felon,5
fleck,5
plait,4
golly,10
petty,5
whine,6
alibi,5
forte,4
chirp,5
femur,4
fudge,6
ratty,6
guava,4
relic,5
fussy,3
newly,6
happy,4
gummy,6
fauna,4
quash,4
verso,2
setup,4
folio,5
mecca,7
rider,3
bleep,6
stuff,6
music,3
email,4
goofy,5
drive,3
anger,5
clang,4
rapid,5
whirl,4
knead,5
downy,4
pasty,3
punch,6
thong,4
woman,3
roost,6
magma,5
known,5
scene,3
dried,8
madly,6
broth,7
meter,7
soapy,3
anvil,4
repel,6
bunch,5
witch,6
latte,4
curve,4
crack,7
rotor,3
gauge,8
batch,7
timid,3
stunk,5
crony,6
chime,7
cried,4
spear,4
dopey,5
truth,6
exact,4
druid,4
cabby,5
image,5
lorry,5
lever,6
union,6
guppy,5
chess,5
vegan,4
drown,7
antic,5
moose,8
style,5
newer,6
froze,6
mamma,4
shore,4
lemon,4
wring,4
ranch,5
pygmy,4
shorn,6
theft,6
hurry,7
slink,5
thing,3
eking,5
dully,7
munch,7
flaky,5
gnash,4
plead,3
raven,3
pubic,6
allay,5
brace,7
filer,8
gooey,5
nasal,4
chain,3
occur,3
bezel,6
axion,4
banjo,5
grand,5
curry,8
metro,3
zonal,6
fully,4
tepee,7
testy,4
virus,4
kayak,4
truck,5
allot,5
glaze,5
spank,5
fifth,6
drape,6
serif,4
payee,6
mower,6
smith,4
biddy,7
tango,4
ralph,5
guise,6
clone,5
grail,7
droit,6
pecan,4
tenth,5
close,5
leech,5
cabal,4
cloud,4
mirth,6
miser,4
geese,3
tight,4
blade,5
welch,5
abhor,6
endow,5
coupe,5
boney,5
swash,6
girly,4
hedge,4
flask,4
baste,9
sandy,4
graft,4
bison,3
milky,4
grasp,3
state,9
deuce,4
rinse,4
cagey,5
curvy,5
grimy,4
brunt,5
quail,5
fried,5
yacht,4
flung,4
mauve,4
wooly,3
kinky,4
sheep,4
taint,5
alloy,4
affix,4
slyly,5
dirty,3
corer,4
carat,4
lathe,5
amber,6
sauce,5
spook,5
borne,3
lumen,4
trust,6
clank,6
right,4
mambo,8
heave,5
spasm,4
filth,5
reedy,3
frank,3
spiky,5
ovine,5
tract,6
taker,6
sappy,6
fruit,3
crush,3
salvo,4
belle,6
gleam,4
surge,3
exert,4
grain,6
fizzy,4
inbox,4
paddy,6
circa,5
horse,3
etude,4
bulky,5
white,4
wound,3
flare,5
tonga,5
thigh,3
opera,4
rumor,4
sling,7
dealt,5
gland,4
noise,4
beret,5
gayer,7
gloss,3
liken,4
devil,3
quote,4
avoid,3
taboo,4
reuse,3
giddy,6
trump,3
stark,3
livid,5
sniff,6
parka,6
tonic,4
satin,5
greed,5
avian,4
gross,3
modem,4
scary,4
umbra,5
rally,6
jumpy,5
penny,5
skier,4
sinew,4
snipe,5
leggy,6
brute,5
erect,3
cower,8
berry,6
wheat,6
papal,8
flail,4
merry,4
plump,6
nylon,6
juice,5
mealy,6
niche,6
trail,6
daily,3
purer,6
axial,4
steam,4
stall,7
wrath,6
truer,4
tumor,6
coven,5
toddy,4
boast,3
mucus,5
women,4
drone,5
forum,4
raspy,4
slunk,6
brawl,5
cable,5
bacon,3
medic,5
grant,6
board,3
tweak,6
ledge,5
plaza,4
stiff,7
apnea,5
twist,5
booty,7
prawn,6
frost,3
cleft,5
teach,5
stone,3
video,2
fight,6
chock,7
vague,5
stave,7
pinky,4
imbue,6
scout,3
salve,6
crime,5
anode,5
debug,5
flake,6
cello,6
knelt,4
prior,3
talon,4
revel,4
wreak,7
ounce,5
motel,4
fence,4
limbo,4
drift,4
frail,3
scowl,5
snack,4
awash,5
frill,4
scant,5
wafer,5
north,3
above,4
baler,8
smote,4
expel,5
sloop,6
belie,5
spark,4
waver,3
fever,5
baron,4
tower,5
sonar,3
width,4
myrrh,4
split,4
amiss,4
leapt,5
nutty,3
trend,4
binge,6
rarer,10
satyr,3
dodgy,4
macro,5
cadet,4
shout,3
spine,5
sprig,3
fetal,6
maybe,4
throb,4
pouty,4
petal,6
angel,3
heard,4
proof,3
camel,4
court,3
phone,5
bused,5
scrum,4
basil,7
cobra,3
ratio,4
think,2
hyena,4
drama,4
worse,2
krill,5
tenor,3
bicep,4
tripe,6
drill,6
butte,6
dingy,6
plumb,4
brand,4
toxic,5
foamy,5
funky,3
clamp,5
savor,3
bulge,5
nosey,3
leper,6
sheer,6
wordy,3
sixty,3
chart,5
teary,4
broke,4
sight,3
aloof,5
swoop,5
flame,5
taffy,6
pasta,4
gypsy,4
ditch,8
dress,3
vicar,4
lucid,5
titan,4
dicey,4
minus,6
craft,5
strip,2
ladle,4
uncut,4
weigh,6
rough,5
color,4
clack,6
tried,3
weird,4
terra,6
odder,4
graph,6
birth,3
eager,11
cease,5
tribe,6
mushy,6
arrow,4
ankle,6
voila,3
decoy,5
kneed,6
melon,5
minim,5
neigh,7
ebony,3
elfin,5
chide,6
voter,5
booth,6
entry,4
token,4
owing,4
vogue,5
moral,4
taken,3
viper,3
covey,7
ninny,8
torus,7
scoff,7
slant,4
small,6
prune,4
began,4
flunk,5
fatal,4
legal,5
surly,4
giant,3
sense,2
fifty,6
jazzy,5
brook,3
lithe,5
dizzy,5
dusky,4
maker,5
bossy,2
habit,4
abled,5
mural,4
crane,4
brush,3
armor,4
topic,4
lipid,5
chasm,4
green,6
miner,7
gumbo,5
lupus,7
taste,10
opine,5
swing,5
proud,4
curse,4
harsh,4
leant,5
caput,6
chard,5
axiom,4
broad,5
guess,3
bagel,4
cheer,6
itchy,4
suite,5
drawn,6
befit,6
bound,4
crisp,3
quest,5
rerun,7
abbot,4
briny,5
sperm,4
plain,4
older,3
scale,5
apart,4
crude,4
hilly,4
ghoul,4
tulle,4
cairn,4
ethic,4
tally,4
debar,6
clerk,5
olden,3
refer,6
climb,4
scoop,4
harpy,3
fraud,4
revue,3
actor,5
under,5
cameo,3
foist,7
guide,4
wrack,6
raise,4
cubic,6
slain,7
lousy,4
crawl,5
botch,5
verge,4
plank,5
basis,4
skiff,7
aisle,5
macho,4
tabby,4
limit,3
omega,5
admin,7
lumpy,5
water,5
patch,6
fuzzy,5
begin,5
annex,3
moody,5
demon,4
spool,6
tacky,4
cacti,5
morph,5
parse,4
sewer,7
spare,4
troop,4
slept,4
pivot,3
unity,3
throw,3
abode,5
blood,3
juror,7
clash,4
ingot,5
slice,6
icily,4
widen,3
agent,6
teeth,5
haste,8
order,2
debut,5
force,2
knack,3
crepe,6
probe,5
spoon,3
squib,6
blare,7
manic,5
warty,3
thick,3
salsa,4
blend,5
saner,8
spoof,4
wimpy,4
witty,4
lease,4
stump,5
weedy,4
churn,5
early,3
unwed,5
flash,3
balmy,5
pesto,3
spurt,4
navel,3
cloak,6
fable,6
snake,4
audio,5
salty,4
curio,4
liner,6
paint,3
chili,6
facet,4
ovate,5
dance,5
clout,6
leash,5
billy,6
filly,5
puffy,5
rumba,5
mango,5
cleat,6
sword,4
hotel,4
polar,3
pixel,4
hunch,3
whole,4
resin,3
elate,5
shiny,3
alert,4
noisy,3
wrong,4
smirk,4
table,5
shush,6
humus,7
guilt,4
cocoa,6
orbit,4
riper,4
stoke,5
prism,4
spent,3
glade,6
scent,4
whiff,4
smoky,4
spree,6
screw,2
shale,9
maize,6
lasso,2
femme,7
wield,5
heavy,3
prude,5
swept,5
joint,4
quake,6
slash,4
whiny,4
canal,4
sooty,5
chick,4
hefty,6
scold,5
scaly,5
piper,9
spunk,5
elegy,4
erase,2
alarm,5
sixth,4
these,3
utter,7
idiom,6
beast,5
hobby,6
decor,3
extol,5
bride,6
ethos,4
noble,4
gazer,7
alter,5
pesky,4
tying,3
again,6
enemy,3
torch,4
blind,4
broom,4
dummy,5
plaid,5
tithe,4
oddly,4
grout,5
shirt,3
afire,6
freed,6
drake,6
swung,4
gamut,5
suave,8
terse,3
syrup,4
welsh,4
pansy,5
crumb,4
elbow,3
fugue,6
abuse,5
hymen,5
whale,6
shone,4
jewel,7
nerdy,5
igloo,3
sally,6
dusty,3
windy,6
semen,6
slush,4
tidal,5
bleat,6
cruel,4
scarf,5
pedal,4
ruddy,6
feast,6
chalk,3
tawny,3
bugle,6
obese,2
drier,3
shark,4
hippo,6
flute,4
nomad,3
vying,5
crier,5
optic,5
sober,2
defer,6
mover,8
dogma,6
shack,6
grass,2
decal,6
holly,5
retry,4
brick,4
wight,7
latch,8
upper,7
flora,3
trial,3
gassy,4
urine,4
swell,7
lager,7
issue,3
phony,4
skull,5
radii,4
bawdy,5
sharp,3
route,2
honor,4
spice,7
value,4
saucy,4
easel,5
toast,6
scone,5
brash,4
wispy,3
bingo,4
below,4
quilt,5
towel,5
hussy,4
lyric,3
beefy,5
blitz,4
jerky,5
stoic,4
waxen,6
novel,4
burly,4
quark,5
plied,5
tense,6
shrew,3
detox,5
chair,3
flour,3
haunt,3
faint,4
synod,4
snort,5
carol,3
hover,7
shaky,4
amity,4
kappa,4
burst,3
merge,4
dread,6
smock,5
recur,3
gipsy,4
speed,6
empty,3
nobly,5
reach,4
ember,8
owner,4
after,4
grill,6
super,3
creme,4
segue,4
duvet,4
koala,5
cider,5
bitty,5
scalp,5
skunk,7
clear,4
yeast,4
trunk,6
media,4
fiery,5
sulky,5
mucky,6
mouse,4
abort,6
never,4
brief,4
posse,2
envoy,4
blaze,6
shoot,2
rowdy,4
pence,4
renal,6
false,5
rigid,3
elide,4
cheap,3
logic,4
fiend,5
deign,7
blimp,5
cache,6
chafe,6
quite,5
breed,5
wider,4
locus,4
gravy,5
stock,3
cumin,5
crypt,4
shuck,5
drool,3
horde,4
grown,5
dirge,3
cedar,4
curly,4
ditty,6
bleak,5
lingo,4
annoy,4
slope,5
draft,4
lemur,5
bevel,4
preen,7
giver,5
swish,3
uncle,5
deity,4
forty,4
truly,4
patsy,4
havoc,4
grope,6
spire,4
waist,5
tweet,7
rocky,3
poesy,3
stern,3
thief,4
prowl,5
racer,4
shyly,5
gaffe,7
meaty,7
aglow,4
oaken,4
cause,4
fetch,6
mogul,3
least,4
ester,5
gruff,3
remit,5
comfy,4
maple,4
nadir,4
learn,4
flank,4
rebel,5
micro,5
medal,6
spurn,4
tramp,8
joust,5
ninth,3
skate,8
mange,6
debit,5
snaky,5
squat,5
quack,4
wager,6
rugby,3
along,4
swamp,4
mammy,5
baggy,6
shove,6
glare,6
broil,5
smash,3
motif,5
arose,3
beard,5
knave,5
dwell,6
stake,7
agile,5
steep,5
savoy,4
afoul,5
plunk,6
bible,6
plate,5
droop,5
tempo,4
conch,6
pizza,5
flirt,3
loyal,4
slurp,4
short,4
avail,6
space,4
lunge,5
jumbo,6
boxer,6
sneer,7
caper,8
dense,5
bully,4
bloat,6
afoot,4
fluke,5
chore,4
topaz,5
stole,5
stunt,6
adept,4
wheel,6
beget,5
shape,5
bunny,4
joist,6
penal,5
puppy,6
blunt,4
shirk,5
iliac,5
steak,4
three,4
serum,3
bylaw,5
timer,4
shift,4
canon,7
aware,7
credo,3
radar,3
tarot,5
slang,4
apply,4
begat,5
while,4
stint,6
swath,5
idler,4
drove,4
ether,6
tooth,5
fishy,5
prank,6
chuck,4
randy,5
poise,3
usage,4
glide,5
ovoid,3
mayor,6
overt,4
infer,5
psalm,3
worth,3
ramen,4
coral,5
rearm,5
suing,6
lodge,5
shelf,4
piano,5
build,4
datum,4
amend,4
penne,5
shalt,6
bonus,4
quoth,5
pixie,5
junto,6
theta,6
heady,6
acrid,5
drank,6
dryly,5
diary,4
dryer,3
seven,5
offer,8
swarm,5
venue,3
realm,6
puree,5
strap,3
frond,5
ready,5
align,3
young,3
hitch,3
roach,3
groom,5
notch,5
swami,4
tardy,3
adore,5
cyber,5
sweat,5
crest,4
lower,4
tubal,3
angst,5
skulk,6
jelly,6
vapid,6
south,3
array,4
emcee,5
mafia,5
touch,4
party,2
snoop,4
grunt,4
missy,3
sheik,4
speck,4
roast,2
adorn,6
enact,5
clove,6
gaunt,4
modal,4
ashen,5
finch,5
trade,5
local,3
tasty,8
worry,5
adage,6
smell,6
utile,4
vinyl,5
buyer,5
halve,4
steel,5
lurid,4
prong,6
drunk,4
gonad,4
frock,5
snuff,5
graze,8
caste,7
creep,6
clued,5
comic,5
sauna,4
beach,5
sassy,3
where,5
disco,3
grief,5
blurb,4
woody,3
tutor,5
trick,4
third,3
amass,5
crash,2
dilly,7
straw,3
rajah,5
viola,3
abide,5
relay,6
snide,6
urban,3
crown,6
plane,4
ascot,4
pouch,5
knife,5
swoon,4
copse,3
bushy,5
amuse,6
agony,6
rabbi,7
large,3
algae,5
would,2
shell,5
fecal,6
among,5
which,3
freak,6
piggy,5
shank,6
villa,6
blank,3
posit,4
shear,3
tuber,6
brood,5
cross,2
quill,4
dairy,5
reign,6
friar,2
bread,5
shady,5
amble,6
sepia,5
dingo,5
porch,4
silly,5
pearl,5
slimy,5
fancy,4
scrub,3
sheet,6
arena,5
stilt,8
donut,4
sumac,5
level,6
dimly,4
otter,4
inner,7
buxom,5
hoist,5
spore,6
share,3
murky,4
every,3
guest,4
regal,7
steal,5
tread,5
glint,6
slime,5
filet,5
brave,4
husky,4
fatty,3
minor,5
adopt,4
child,4
enter,7
taper,5
until,5
storm,4
earth,4
polyp,5
trout,7
queen,5
unzip,5
cabin,5
stony,4
excel,4
pupil,6
sworn,5
pitch,5
harem,3
nudge,7
salon,4
wagon,4
gavel,3
dough,4
crump,4
swear,3
cavil,5
haven,3
quota,5
demur,6
imply,5
evict,3
elect,4
razor,5
furry,7
outer,4
brass,3
prime,5
check,6
aunty,4
bathe,5
stork,5
shoal,6
naive,4
cough,5
geeky,4
furor,7
vixen,3
idyll,4
crick,7
tulip,4
burnt,4
strut,5
putty,4
daisy,3
drawl,6
shied,6
hardy,3
noose,5
grape,5
meant,4
block,4
sieve,4
laugh,4
hotly,4
seize,3
clasp,3
ideal,5
bilge,5
delay,5
outgo,4
spoke,4
stood,3
choir,5
waive,5
pudgy,4
stare,6
dunce,6
bosom,4
leafy,5
anime,6
creed,7
alley,6
sweep,6
worst,2
poser,3
diver,4
shunt,4
ensue,4
event,3
since,3
joker,7
eight,3
dolly,5
often,3
vocal,4
bliss,3
jetty,4
beech,4
alive,3
cover,4
relax,5
vista,5
civil,4
rouse,2
flint,4
globe,3
jolly,7
wrist,3
hazel,4
amaze,5
solid,4
smack,6
slate,7
dwelt,5
wreck,4
silky,4
woken,6
later,6
irate,5
bloom,4
ocean,4
assay,3
rover,3
wryly,4
scope,4
braid,6
glove,5
sound,3
genie,4
weave,4
azure,4
begun,5
bongo,6
frisk,6
betel,6
privy,5
river,2
shook,3
aider,7
bluer,6
matey,5
barge,4
zebra,4
cutie,5
score,3
tatty,5
fluid,5
layer,4
ennui,6
blond,4
kiosk,5
ruler,3
title,4
stung,4
bravo,4
bless,4
dally,5
stain,6
musky,5
gayly,6
arbor,5
crowd,5
march,3
basin,6
chord,5
candy,4
scion,5
thump,4
buddy,4
brain,5
fetid,4
dying,4
sushi,3
verve,6
spout,4
sigma,4
macaw,5
rehab,6
hovel,4
whisk,4
range,3
eaten,6
llama,4
verse,2
twirl,4
edict,4
fritz,3
sport,3
truce,5
magic,5
cliff,5
queue,6
beset,5
ovary,4
molar,4
amply,4
ozone,4
doing,4
mason,3
horny,4
flyer,5
splat,6
scuba,5
rebar,4
swore,5
paler,7
dumpy,6
quell,6
caddy,7
track,5
kneel,5
dowdy,3
moldy,4
fiber,5
budge,5
poppy,9
thank,3
prose,4
rabid,6
flown,6
snail,6
rigor,4
spiny,4
icing,6
snuck,4
gnome,4
vowel,4
ridge,4
china,3
clean,4
crook,4
shaft,5
flier,5
nerve,3
decay,6
stage,4
juicy,4
clink,4
croup,5
qualm,4
clung,5
blink,3
index,4
vigil,5
plush,3
lobby,7
place,3
tenet,5
moron,7
boule,6
kitty,3
cycle,6
elude,4
eater,12
cress,4
lanky,4
chump,4
inlay,4
pried,6
tunic,4
toxin,5
savvy,7
about,4
exalt,5
lurch,4
nicer,7
borax,7
house,3
nurse,3
snare,7
winch,6
lunar,5
plier,6
ghost,3
risky,3
freer,6
lucky,4
birch,3
exile,4
swift,5
brawn,5
awoke,4
mania,5
hater,9
tamer,7
pushy,3
aping,5
acorn,6
still,7
sorry,3
stamp,4
venom,4
queer,8
slide,5
chaff,4
loath,4
sunny,5
write,5
crock,7
vapor,4
purse,5
gusto,4
visit,5
reset,4
might,4
edify,5
lymph,4
elite,3
humid,4
laden,4
patio,6
frown,5
goody,6
annul,5
dross,4
award,3
embed,6
built,4
siren,3
idiot,6
eagle,4
lance,5
creek,5
evoke,3
smile,4
bowel,5
palsy,3
couch,8
dowel,4
sleet,5
onion,4
arson,3
diner,5
shade,7
heart,3
spoil,4
prone,6
reply,6
chase,5
muddy,5
ninja,4
angle,5
valor,4
diode,7
usual,3
cream,4
stank,4
ditto,5
grace,5
handy,4
woozy,4
niece,4
nanny,7
ardor,6
sleep,5
chose,6
stack,5
filmy,4
jiffy,4
fairy,3
spawn,6
price,4
singe,4
erupt,4
coach,6
spelt,4
wharf,5
derby,4
slick,5
minty,4
eerie,2
sheen,7
final,4
honey,3
slack,5
apple,3
spilt,6
sadly,4
loose,6
carve,4
grind,4
leaky,6
groan,6
risen,3
octet,4
given,2
paste,6
quick,3
lefty,7
melee,5
manga,5
stray,4
blast,4
lunch,4
udder,5
human,4
covet,4
chaos,5
canoe,5
tough,4
equip,4
gusty,7
guile,6
swine,6
pagan,6
sedan,3
undue,6
mound,6
smoke,3
funny,4
rivet,4
safer,3
lover,5
study,3
deter,6
mocha,5
wrest,5
total,6
incur,4
count,4
rifle,4
plume,4
genre,3
mulch,4
recut,4
stuck,4
avert,4
opium,5
valet,3
aging,8
arise,3
quasi,3
daddy,7
pique,4
musty,5
rainy,4
claim,4
skimp,5
valve,6
spite,6
crave,6
shock,5
inane,6
grave,5
fleet,5
threw,3
godly,3
vault,4
gulch,4
louse,5
folly,9
spell,6
hippy,5
pooch,5
glyph,4
there,4
baker,6
snarl,7
unite,6
fanny,6
ombre,4
vomit,4
stale,7
dream,5
photo,3
aloud,5
inept,4
piney,4
aptly,4
waltz,4
libel,5
sneak,4
carry,7
flout,6
foggy,5
fault,4
mummy,4
spiel,3
grove,6
denim,5
quirk,4
exist,4
stein,4
spade,5
catch,10
floor,2
unset,4
equal,4
ionic,4
valid,4
enjoy,4
howdy,4
vigor,5
dandy,8
sloth,3
marsh,3
bough,6
sting,5
twine,5
leave,3
scorn,5
scald,4
usurp,4
soggy,6
brisk,5
admit,5
grate,6
glory,3
liege,5
saint,5
recap,4
sooth,5
alike,4
trice,5
stick,4
chute,5
parer,9
doubt,3
eclat,5
thyme,5
alpha,5
booze,4
tibia,4
lofty,6
theme,4
class,2
leery,3
taunt,4
whoop,3
inter,4
gully,5
charm,6
fungi,4
prize,6
onset,2
chief,3
gauze,6
ruder,4
irony,5
widow,5
clown,5
needy,3
octal,3
woven,5
merit,3
waste,5
unlit,5
treat,5
shrug,4
twang,4
twice,4
gruel,5
poker,4
khaki,3
hunky,3
label,5
glean,5
cling,4
patty,4
unfit,4
smear,5
alien,3
buggy,6
rhyme,5
youth,4
coyly,7
quart,6
cramp,7
bluff,5
upset,3
stomp,5
motto,6
cinch,8
elope,3
power,3
midge,5
tryst,5
aphid,5
trite,6
bobby,7
angry,5
flock,6
wacky,4
roomy,7
augur,4
wedge,4
liver,3
bland,3
night,4
madam,4
berth,4
stalk,6
stead,6
voice,4
wench,6
agape,4
flack,4
hydro,4
fluff,5
field,4
sever,8
lilac,5
egret,6
gaily,4
pinto,5
hutch,4
gawky,5
droll,4
retro,2
rusty,4
beady,7
smite,5
brink,4
awful,4
gloat,5
input,4
loser,2
cacao,6
blown,5
apron,3
primo,5
atone,6
donor,5
float,5
goose,7
payer,6
piety,4
girth,5
trait,8
flood,4
gloom,4
depth,3
froth,5
phase,4
showy,5
creak,5
manor,7
atoll,4
bayou,4
crept,4
tiara,3
asset,2
vouch,6
album,3
hinge,7
money,2
scrap,3
gamer,6
glass,3
scour,3
being,5
delve,4
yield,4
metal,5
tipsy,3
slung,5
farce,5
butch,5
fetus,4
canny,5
midst,4
badge,5
homer,5
train,5
hairy,5
story,3
forgo,7
larva,6
fella,6
trash,3
hasty,5
zesty,4
shown,4
heist,4
askew,4
inert,5
olive,4
plant,3
oxide,4
cargo,3
foyer,8
flair,3
ample,4
cheek,5
shame,5
slave,6
mince,7
chunk,3
royal,3
squad,5
black,3
stair,3
scare,5
foray,6
comma,6
fibre,5
natal,4
shawl,5
fewer,6
trope,4
snout,5
lowly,4
stove,6
harry,4
shall,6
found,3
nymph,4
epoxy,5
depot,4
chest,5
purge,4
slosh,3
their,4
renew,5
allow,3
saute,6
lynch,4
movie,3
cater,7
tease,6
smelt,5
focus,3
today,4
watch,4
lapse,6
month,5
sweet,6
hoard,4
cloth,5
brine,5
ahead,5
mourn,4
nasty,4
rupee,5
choke,3
chant,3
spill,6
vivid,5
bloke,3
trove,5
thorn,6
other,3
tacit,5
swill,6
dodge,7
pupal,7
shake,6
caulk,4
aroma,5
agora,8
cynic,5
robin,5
ultra,5
ulcer,5
pause,5
humor,5
frame,6
elder,6
skill,6
aloft,5
pleat,4
shard,5
moist,4
those,4
light,5
wrung,5
could,3
perky,6
mount,5
whack,4
sugar,3
knoll,5
crimp,5
wince,8
prick,5
robot,4
point,3
proxy,5
shire,4
solar,2
panic,4
tangy,3
abbey,5
favor,3
drink,4
query,4
gorge,7
crank,6
slump,4
banal,5
tiger,3
siege,3
truss,3
boost,4
rebus,6
unify,4
troll,3
tapir,5
aside,4
ferry,9
acute,4
picky,4
weary,6
gripe,5
craze,6
pluck,4
brake,7
baton,4
champ,3
peach,3
using,4
trace,6
vital,5
sonic,3
masse,3
conic,7
viral,4
rhino,5
break,5
triad,4
epoch,4
usher,3
exult,5
grime,7
cheat,5
solve,3
bring,3
prove,5
store,2
tilde,5
clock,7
wrote,3
retch,5
perch,4
rouge,3
radio,4
surer,8
finer,6
vodka,4
heron,3
chill,5
gaudy,5
pithy,4
smart,3
badly,5
rogue,3
group,4
fixer,7
groin,5
duchy,4
coast,3
blurt,5
pulpy,6
altar,4
great,4
briar,3
click,5
gouge,6
world,2
erode,3
boozy,6
dozen,4
fling,5
growl,4
abyss,3
steed,6
enema,4
jaunt,5
comet,3
tweed,6
pilot,5
dutch,4
belch,5
ought,4
dowry,4
thumb,3
hyper,6
hatch,3
alone,4
motor,4
aback,4
guild,5
kebab,5
spend,4
fjord,4
essay,3
spray,3
spicy,4
agate,5
salad,4
basic,5
moult,4
corny,4
forge,3
civic,5
islet,3
labor,3
gamma,5
lying,3
audit,4
round,5
loopy,6
lusty,6
golem,4
goner,3
greet,7
start,5
lapel,6
biome,4
parry,6
shrub,4
front,4
wooer,5
totem,4
flick,4
delta,6
bleed,6
argue,4
swirl,3
error,4
agree,4
offal,4
flume,5
crass,4
panel,4
stout,7
bribe,8
drain,7
yearn,5
print,5
seedy,3
ivory,4
belly,6
stand,3
first,2
forth,4
booby,8
flesh,4
unmet,4
linen,6
maxim,5
pound,5
mimic,5
spike,6
cluck,5
crate,5
digit,4
repay,7
sower,4
crazy,4
adobe,4
outdo,3
trawl,7
whelp,4
unfed,6
paper,9
staff,6
croak,6
helix,6
floss,4
pride,7
batty,5
react,5
marry,7
abase,5
colon,6
stool,4
crust,4
fresh,3
death,6
major,5
feign,6
abate,6
bench,6
quiet,4
grade,6
stink,5
karma,5
model,3
dwarf,4
heath,8
serve,2
naval,4
evade,3
focal,5
blush,4
awake,5
humph,3
sissy,2
rebut,5
